[
  {
    "pizza": "Atum",
    "descricao": "Molho de tomate fresco, orégano, azeitonas, atum, rodelas de tomate e cebola.",
    "valor": "43,99",
    "imagem": "pizza_atum",
    "categoria": "pizza_salgada"
  },
  {
    "pizza": "Calabresa",
    "descricao": "Molho de tomate fresco, orégano, azeitonas, fatias de calabresa com cebola.",
    "valor": "42,99",
    "imagem": "pizza_calabresa",
    "categoria": "pizza_salgada"
  },
  {
    "pizza": "Pepperoni",
    "descricao": "Molho de tomate fresco, orégano, azeitonas, mozarela e pepperoni fatiado.",
    "valor": "48,99",
    "imagem": "pizza_pepperoni",
    "categoria": "pizza_salgada"
  },
  {
    "pizza": "Carne seca",
    "descricao": "Molho de tomate fresco, orégano, azeitonas, carne seca dessalgada e temperada com mozarela.",
    "valor": "47,99",
    "imagem": "pizza_carneseca",
    "categoria": "pizza_salgada"
  },
  {
    "pizza": "Frango com catupiry",
    "descricao": "Molho de tomate fresco, orégano, azeitonas, frango desfiado e temperado coberto com catupiry.",
    "valor": "45,99",
    "imagem": "pizza_frango_catupiry",
    "categoria": "pizza_salgada"
  },
  {
    "pizza": "4-Queijos",
    "descricao": "Molho de tomate fresco, orégano, azeitonas, mozarela, catupiry, provolone e parmesão ralado.",
    "valor": "47,99",
    "imagem": "pizza_4_queijos",
    "categoria": "pizza_salgada"
  },
  {
    "pizza": "Portuguesa",
    "descricao": "Molho de tomate fresco, orégano, azeitonas, presunto picado, ovos, ervilha, cebola e mozarela",
    "valor": "43,99",
    "imagem": "pizza_portuguesa",
    "categoria": "pizza_salgada"
  },
  {
    "pizza": "Lombo com catupiry",
    "descricao": "Molho de tomate fresco, orégano, azeitonas, fatias de lombo canadense coberto com catupiry.",
    "valor": "49,99",
    "imagem": "pizza_lombo_catupiry",
    "categoria": "pizza_salgada"
  },
  {
    "pizza": "Caipira",
    "descricao": "Molho de tomate fresco, orégano, azeitonas, frango desfiado e temperado, milho e catupiry.",
    "valor": "42,99",
    "imagem": "pizza_caipira",
    "categoria": "pizza_salgada"
  }
]
